objid,ra,dec,z
1237655549670326442,248.236794439881,-0.560716914679347,0.762121
1237655549670326439,248.238250342507,-0.557632821261538,0.692577
1237655549670326462,248.246485502537,-0.548871995465845,-9999