objid,ra,dec,z
1237673451625579019,63.6461128832527,5.57437162071686,0.182386
1237673451625579427,63.6573132363855,5.57842619518148,0.784964