objid,ra,dec,z
1237680246810477902,350.535978255936,19.7372797327304,0.653523
1237680246810477903,350.535990800361,19.7388737040888,0.702677
1237680246810477900,350.532823378889,19.7346157603061,0.707627