objid,ra,dec,z
1237671127520248878,182.737430948628,9.90488502761947,0.596622