objid,ra,dec,z
1237678598072632139,319.211589387744,2.42956366037214,0.253927
1237678598072633205,319.206895208313,2.4249661235923,0.641245