objid,ra,dec,z
1237655464306475309,189.209229692712,62.2110450103358,0.508509
1237655464306475304,189.204497688251,62.2060329064724,-9999