objid,ra,dec,z
1237668297664692689,178.832186470579,19.6605109314335,0.297937
1237668297664693142,178.821343815738,19.6634928576086,0.396805