objid,ra,dec,z
1237654953742238785,252.684183316052,42.86600291955,0.802306
1237654953742239255,252.684135660931,42.8627389182253,0.679971