objid,ra,dec,z
1237664092895053274,121.5994179035,20.1062959628925,0.482908
1237664092895053072,121.594422156951,20.1071037572242,0.485048