objid,ra,dec,z
1237678621699735944,21.1911304682531,3.85388492450658,0.418519