objid,ra,dec,z
1237657630057824393,155.295931527282,49.2250908084366,0.094395
1237657630057824395,155.292701872527,49.2248366689821,0.596048
1237657630057824720,155.295898642628,49.2296661323938,0.321872