objid,ra,dec,z
1237654382515060783,138.25429537607,52.9913606551714,0.087573