objid,ra,dec,z
1237651249893802135,211.603512656888,61.4447369159818,0.307099
1237651249893803036,211.601860373384,61.4385835856422,0.978307