objid,ra,dec,z
1237654030866710722,174.515574204017,3.24939117318884,0.059335
1237654030866711328,174.51128564264,3.24515993528192,0.292629