objid,ra,dec,z
1237662199348920346,208.276443490767,11.6346475754601,0.085354