objid,ra,dec,z
1237658300059878649,133.226088365477,5.25265094050724,0.417951