objid,ra,dec,z
1237658300070887751,158.391772313067,7.19057707815268,0.492874
1237658300070887980,158.389232232736,7.19263237644706,0.099822