objid,ra,dec,z
1237670956251022161,23.6466454368665,-9.51976469971247,0.820769
1237670956251021528,23.6509770470173,-9.51955822701511,0.378317