objid,ra,dec,z
1237655464306475304,189.204497688251,62.2060329064724,-9999