objid,ra,dec,z
1237651497367371968,116.721012095823,44.0642877507463,0.695138