objid,ra,dec,z
1237658614124577173,156.146891101898,47.1562609054807,0.363125
1237658614124576991,156.144005432025,47.152693842997,0.582179
1237658614124577161,156.141003694744,47.1472260846017,0.162336