objid,ra,dec,z
1237650805340045823,148.754767471301,-1.49869795400714,0.443939
1237650805340046139,148.752263959172,-1.49831532010558,0.52937