objid,ra,dec,z
1237648721233577175,186.533770539158,-0.0959474211924385,0.709198
1237648721233576010,186.533433202533,-0.100626082604893,0.218203