objid,ra,dec,z
1237657775534572691,117.921141488383,27.2757553165909,0.354049
1237657775534572692,117.922979172169,27.2754795532378,0.616888
1237657775534572694,117.924267337417,27.2746582278877,0.49046