objid,ra,dec,z
1237651252040761551,210.617598928261,63.3592668716958,0.203502
1237651252040762261,210.613638993961,63.3634116626596,0.245281