objid,ra,dec,z
1237673451625579427,63.6573132363855,5.57842619518148,0.784964