objid,ra,dec,z
1237671166167941147,166.65260223162,-18.3526961258511,0.571745
1237671166167941972,166.646112496209,-18.3625397351842,0.320289
1237671166167941466,166.630957081477,-18.3684749949313,0.376403