objid,ra,dec,z
1237662199888216081,213.942667454084,11.495399864588,0.026556
1237662199888216484,213.938135521765,11.4910733171306,0.373358