objid,ra,dec,z
1237662223526330618,172.499473950443,38.1987014651549,0.25406